,anime_id,name,genre,type,episodes,rating,members,overview
1,5114,Fullmetal Alchemist: Brotherhood,"['Animation', 'Action', 'Adventure', 'Comedy', 'Drama', 'Fantasy', 'Sci-Fi']",tv series,64,9.26,793665,"[""Two brothers search for a Philosopher's Stone after an attempt to revive their deceased mother goes awry and leaves them in damaged physical forms.::ralo229"", 'Two brothers lose their mother to an incurable disease. With the power of ""alchemy"", they use taboo knowledge to resurrect her. The process fails, and as a toll for using this type of alchemy, the older brother, Edward Elric loses his left leg while the younger brother, Alphonse Elric loses his entire body. To save his brother, Edward sacrifices his right arm and is able to affix his brother\'s soul to a suit of armor. With the help of a family friend, Edward receives metal limbs - ""automail"" - to replace his lost ones. With that, Edward vows to search for the Philosopher\'s Stone to return the brothers to their original bodies, even if it means becoming a ""State Alchemist"", one who uses his/her alchemy for the military.::Anonymous', ""When two brothers fail to resurrect their dead mother, resulting in the youngest losing his body and the oldest an arm and leg, they end up joining the military in hopes of finding the Philosopher's Stone, which could return their lost bodies."", ""Abandoned by their father as kids, two young brothers, Edward and Alphonse Elric lived with their mother in a small town called Resembool. After losing their mother to a terminal illness, they try to resurrect her using alchemy - a science which allows you to transform physical matter from one form to another. However human transmutation is strictly forbidden as it cannot be carried out successfully. The resurrection of their mother failed causing Edward to lose his left leg and Alphonse his entire body. Edward manages to save Alphonse's soul by bonding it to a suit of armor by sacrificing his right arm. Determined to recover their bodies, Edward joins the military as a state alchemist and the brothers begin their search for the philosopher's stone. During their journey they discover the truth about the country's history, and the conspiracy at the higher levels of the military and take it upon themselves to save the country's future."", 'After a mother dies and her two sons attempt to revive her using forbidden Alchemy techniques, brothers Edward and Alphonse Elric must pay the price - one loses his entire body, and the other loses an arm and a leg. Now, the two must go to great lengths and embark on incredible, dangerous adventures to get their full bodies back - even if that means using more Alchemy and making some enemies on the way.::Christian Wanamaker', ""After their dad left and their mother died, two brothers use alchemy to bring their dead mother back. One loses a arm and a leg, the other one loses his whole body whose soul has been trapped by his brother in an armor. Together, they enlist army and seek for the philosopher's stone to have a chance to fix the biggest mistake of their life.::Pel Par""]"
2,28977,Gintama,"['Animation', 'Action', 'Comedy', 'Sci-Fi']",tv series,51,9.25,114262,"['In an era where aliens have invaded and taken over feudal Tokyo, an unemployed samurai finds work however he can.', ""In the early 17th century, Japan adopted strict isolation policies and severed almost all ties with foreign countries. In 1853, the US fleet commanded by Admiral Perry forced the doors open, leading to a modernization of the nation's sociopolitical systems and the eventual fall of the Shogunate. The samurai regime ended its life with the imperial restoration in 1868. That's what history tells, but in Gintama, that's not what happens. Instead of the US fleet, the country is stormed by spaceships coming from four corners of the universe and soon we see it occupied by extraterrestrials. The Shogunate has become a puppet of alien occupation armies. All samurais have been disarmed and reduced to temp workers with no skills who just try to make ends meet. Gintama is a story of a handyman named Gintoki, a samurai with no respect for rules set by the invaders, who's ready to take any job to survive. He and his gang, however, are also among the very few who have not forgotten the morale of a swordsman. Wherever they go, all they do is to create troubles. Troubles that they of course try to solve, but in reality...::Crunchyroll.com""]"
3,9253,Steins;Gate: Loading Area of Déjà vu,"['Animation', 'Drama', 'Mystery', 'Romance', 'Sci-Fi', 'Thriller']",movie,24,9.17,673572,"['After the events of the anime, Rintarou begins to feel the repercussions of extensive time travel, and eventually completely fades from reality. Kurisu, being the only companion to remember him, now must find a way to bring him back.::Kyle Khang.', ""The film starts a year after the events of the anime series. After moving through different 'World Lines', Rintarou finally has reached the ideal one, the Steins Gate world line. However, the constant time traveling he has gone through in search of Steins Gate build some side effects to him, which will eventually cause him to...::BuhoGamer""]"
4,9969,Gintama,"['Animation', 'Action', 'Comedy', 'Sci-Fi']",tv series,51,9.16,151266,"['In an era where aliens have invaded and taken over feudal Tokyo, an unemployed samurai finds work however he can.', ""In the early 17th century, Japan adopted strict isolation policies and severed almost all ties with foreign countries. In 1853, the US fleet commanded by Admiral Perry forced the doors open, leading to a modernization of the nation's sociopolitical systems and the eventual fall of the Shogunate. The samurai regime ended its life with the imperial restoration in 1868. That's what history tells, but in Gintama, that's not what happens. Instead of the US fleet, the country is stormed by spaceships coming from four corners of the universe and soon we see it occupied by extraterrestrials. The Shogunate has become a puppet of alien occupation armies. All samurais have been disarmed and reduced to temp workers with no skills who just try to make ends meet. Gintama is a story of a handyman named Gintoki, a samurai with no respect for rules set by the invaders, who's ready to take any job to survive. He and his gang, however, are also among the very few who have not forgotten the morale of a swordsman. Wherever they go, all they do is to create troubles. Troubles that they of course try to solve, but in reality...::Crunchyroll.com""]"
5,32935,Haikyuu!!: Karasuno Koukou VS Shiratorizawa Gakuen Koukou,"Comedy, Drama, School, Shounen, Sports",tv series,10,9.15,93351,"['In an era where aliens have invaded and taken over feudal Tokyo, an unemployed samurai finds work however he can.', ""In the early 17th century, Japan adopted strict isolation policies and severed almost all ties with foreign countries. In 1853, the US fleet commanded by Admiral Perry forced the doors open, leading to a modernization of the nation's sociopolitical systems and the eventual fall of the Shogunate. The samurai regime ended its life with the imperial restoration in 1868. That's what history tells, but in Gintama, that's not what happens. Instead of the US fleet, the country is stormed by spaceships coming from four corners of the universe and soon we see it occupied by extraterrestrials. The Shogunate has become a puppet of alien occupation armies. All samurais have been disarmed and reduced to temp workers with no skills who just try to make ends meet. Gintama is a story of a handyman named Gintoki, a samurai with no respect for rules set by the invaders, who's ready to take any job to survive. He and his gang, however, are also among the very few who have not forgotten the morale of a swordsman. Wherever they go, all they do is to create troubles. Troubles that they of course try to solve, but in reality...::Crunchyroll.com""]"
6,11061,Hunter x Hunter,"['Animation', 'Action', 'Adventure', 'Comedy', 'Fantasy']",tv series,148,9.13,425855,"['Gon Freecss aspires to become a Hunter, an exceptional being capable of greatness. With his friends and his potential, he seeks for his father who left him when he was younger.', 'Gon Freecss is a young boy living on Whale Island. He learns from ""Hunter"" Kite, that his father, who he was told was dead, is still alive somewhere as a top ""Hunter,"" risking his life to seek unknown items, such as hidden treasures, curiosa, exotic living creatures, etc. Gon decides to become a professional Hunter and leaves the island. To become a Hunter, he must pass the Hunter Examination, where he meets and befriends three other applicants: Kurapika, Leorio and Killua. Can Gon pass this formidable hurdle, the Hunter Examination, to become ""the Best Hunter in the World"" and eventually meet his father?::Nippon Television Network', ""Remake of the 1999 TV series of Hunter x Hunter based on the manga by Togashi Yoshihiro. A Hunter is one who travels the world doing all sorts of dangerous tasks. From capturing criminals to searching deep within uncharted lands for any lost treasures. Gon is a young boy whose father disappeared long ago, being a Hunter. He believes if he could also follow his father's path, he could one day reunite with him. After becoming 12, Gon leaves his home and takes on the task of entering the Hunter exam, notorious for its low success rate and high probability of death to become an official Hunter. He befriends the revenge-driven Kurapica, the doctor-to-be Leorio and the rebellious ex-assassin Killua in the exam, with their friendship prevailing throughout the many trials and threats they come upon taking on the dangerous career of a Hunter.::kissanime.com/Anime/Hunter-x-Hunter-2011"", 'The story begins with a young boy named Gon Freecss, who one day discovers that the father whom he thought was dead, is in fact alive and well. He learns that his father, Ging, is a legendary ""Hunter"", an individual who has proven themselves an elite member of humanity. Despite the fact that Ging left his son with his relatives in order to pursue his own dreams, Gon becomes determined to follow in his father\'s footsteps, pass the rigorous ""Hunter Examination"", and eventually find his father to become a Hunter in his own right and wishing to see his father one day.::ForLand HuChy']"
7,820,Legend of the Galactic Heroes: Overture to a New War,"['Animation', 'Romance', 'Sci-Fi', 'War']",movie,110,9.11,80679,"['The recently ennobled Reinhard Von Lohengramm who on suspicion of imperial favouritism and nepotism is facing resistance from his peers, and Yang Wen-Li the unwilling hero of the opposite faction, must prove their worth in the Battle of Astate...::arpan chakraborty']"
8,15335,Gintama Movie: Kanketsu-hen - Yorozuya yo Eien Nare,"Action, Comedy, Historical, Parody, Samurai, Sci-Fi, Shounen",movie,1,9.1,72534,"['The recently ennobled Reinhard Von Lohengramm who on suspicion of imperial favouritism and nepotism is facing resistance from his peers, and Yang Wen-Li the unwilling hero of the opposite faction, must prove their worth in the Battle of Astate...::arpan chakraborty']"
9,15417,Gintama: Enchousen,"Action, Comedy, Historical, Parody, Samurai, Sci-Fi, Shounen",movie,13,9.11,81109,"['The recently ennobled Reinhard Von Lohengramm who on suspicion of imperial favouritism and nepotism is facing resistance from his peers, and Yang Wen-Li the unwilling hero of the opposite faction, must prove their worth in the Battle of Astate...::arpan chakraborty']"
10,4181,Clannad: After Story,"['Animation', 'Comedy', 'Drama', 'Romance']",tv series,24,9.06,456749,"[""A sequel to the recently wrapped anime based on the Key Clannad franchise. After Story is a path that opens in the original visual novel after all the other paths have been opened. Life continues on for Tomoya. A few months have passed since he confessed his love to Nagisa. Now entering the second semester, he continues to meet a variety of different people, expanding his own world in the process. As well, Tomoya and Nagisa's relationship begins to enter a level of intimacy unlike before. Through his relationship with Nagisa, and his various encounters, Tomoya begins to understand the meaning and importance of family. Unfortunately, as Tomoya and Nagisa begin their own family together, they are faced with many hardships and challenges along the way. The sequel to the first anime, Clannad. After confessing his love for Nagisa Furukawa, life for Tomoya goes on. As he continues to meet and help more people with their own family problems, Tomoya's relationship with Nagisa grows to a greater level than ever before. Through his various encounters and the start of his new family with Nagisa, Tomoya will finally begin to understand the value of the most precious thing that we have in this world; the value of having a family.::Anonymous""]"
11,28851,A Silent Voice,"['Animation', 'Drama', 'Romance']",movie,1,9.05,102733,"['A young man is ostracized by his classmates after he bullies a deaf girl to the point where she moves away. Years later, he sets off on a path for redemption.::ralo229', 'The story revolves around Nishimiya Shoko, a grade school student who has impaired hearing. She transfers into a new school, where she is bullied by her classmates, especially Ishida Shouya. It gets to the point where she transfers to another school and as a result, Shouya is ostracized and bullied himself, with no friends to speak to and no plans for the future. Years later, he sets himself on a path to redemption.::Ariodito Koestoer']"
12,918,Gintama,"['Animation', 'Action', 'Comedy', 'Sci-Fi']",tv series,201,9.04,336376,"['In an era where aliens have invaded and taken over feudal Tokyo, an unemployed samurai finds work however he can.', ""In the early 17th century, Japan adopted strict isolation policies and severed almost all ties with foreign countries. In 1853, the US fleet commanded by Admiral Perry forced the doors open, leading to a modernization of the nation's sociopolitical systems and the eventual fall of the Shogunate. The samurai regime ended its life with the imperial restoration in 1868. That's what history tells, but in Gintama, that's not what happens. Instead of the US fleet, the country is stormed by spaceships coming from four corners of the universe and soon we see it occupied by extraterrestrials. The Shogunate has become a puppet of alien occupation armies. All samurais have been disarmed and reduced to temp workers with no skills who just try to make ends meet. Gintama is a story of a handyman named Gintoki, a samurai with no respect for rules set by the invaders, who's ready to take any job to survive. He and his gang, however, are also among the very few who have not forgotten the morale of a swordsman. Wherever they go, all they do is to create troubles. Troubles that they of course try to solve, but in reality...::Crunchyroll.com""]"
15,199,Spirited Away,"['Animation', 'Adventure', 'Family', 'Fantasy', 'Mystery']",movie,1,8.93,466254,"[""During her family's move to the suburbs, a sullen 10-year-old girl wanders into a world ruled by gods, witches, and spirits, and where humans are changed into beasts.::Anonymous"", ""Chihiro and her parents are moving to a small Japanese town in the countryside, much to Chihiro's dismay. On the way to their new home, Chihiro's father makes a wrong turn and drives down a lonely one-lane road which dead-ends in front of a tunnel. Her parents decide to stop the car and explore the area. They go through the tunnel and find an abandoned amusement park on the other side, with its own little town. When her parents see a restaurant with great-smelling food but no staff, they decide to eat and pay later. However, Chihiro refuses to eat and decides to explore the theme park a bit more. She meets a boy named Haku who tells her that Chihiro and her parents are in danger, and they must leave immediately. She runs to the restaurant and finds that her parents have turned into pigs. In addition, the theme park turns out to be a town inhabited by demons, spirits, and evil gods. At the center of the town is a bathhouse where these creatures go to relax. The owner of the bathhouse is the evil witch Yubaba, who is intent on keeping all trespassers as captive workers, including Chihiro. Chihiro must rely on Haku to save her parents in hopes of returning to their world.::Zachary Harper"", ""10-year-old Chihiro and her parents are riding along during a family outing through the countryside when they stumble across an amusement park that has seemingly been abandoned for years. Despite Chihiro's premonitions about the creepy setting, her parents explore the area and eventually discover and indulge in an empty eatery filled with fresh food. As a result of their unfaithfulness, they are magically turned into pigs, which in turn scares away Chihiro. She meets the enigmatic Haku, who explains to her that this land is actually a magical bath house, a kind of holiday resort, where supernatural beings seek comfort away from the earthly realm and she must work here, as laziness is not permitted, to free both herself and her parents from the mystical land.::Kyle Perez"", 'Tale of the fanciful adventures of a ten-year-old girl named Chihiro, who discovers a secret world when she and her family get lost and venture through a hillside tunnel. When her parents undergo a mysterious transformation, Chihiro must fend for herself as she encounters strange spirits, assorted creatures and a grumpy sorceress who seeks to prevent her from returning to the human world.::Jwelch5742', '10-year-old Chihiro and her parents stumble upon a seemingly abandoned amusement park. After her mother and father are turned into giant pigs, Chihiro meets the mysterious Haku, who explains that the park is a resort for supernatural beings who need a break from their time spent in the earthly realm, and that she must work there to free herself and her parents.::Jwelch5742', ""Chihiro and her family are on their way to their new house in the suburbs when her father decides to take a shortcut along a lonely-looking dirt road. After getting out of the car and walking along a path for a while, they discover an open-air restaurant filled with food but with no workers or customers present. Mom and Dad don't hesitate to sit down and dig in, but Chihiro senses danger and refuses. As night falls, she is terrified to see the area fill with faceless spirits, but when she runs to find her parents, she discovers that they have been turned into pigs. She is found by a mysterious boy named Haku, who promises to help her. He gets her a job working in a nearby building, which turns out to be a bathhouse for the thousands of Japan's gods and spirits. Though the work is hard and the people strange, she does as well as she can. Her parents, however, are still waiting in the hotel's stockyard, and Chihiro must find a way to break the spell on them before they end up as the main course of some guest's dinner.::Jean-Marc Rocher <rocher@fiberbit.net>""]"
16,23273,Shigatsu Wa Kimi No Uso - Sekunden in Moll,"['Animation', 'Drama', 'Music', 'Romance']",tv series,22,8.92,416397,"['A piano prodigy who lost his ability to play after suffering a traumatic event in his childhood is forced back into the spotlight by an eccentric girl with a secret of her own.::J.A. Romo', ""The story follows Arima Kousei, a skilled pianist. However, he hasn't played since he played for his mother who died a few years ago. One day Arima meets a brilliant violinist at the park. After their meeting she tries to guide Arima back into the world of music."", ""Piano prodigy Arima Kousei dominated the competition and all child musicians knew his name. But after his mother, who was also his instructor, passed away, he had a mental breakdown while performing at a recital that resulted in him no longer being able to hear the sound of his piano even though his hearing was perfectly fine. Even two years later, Kousei hasn't touched the piano and views the world in monotone, and without any flair or color. He was content at living out his life with his good friends Tsubaki and Watari until, one day, a girl changed everything. Miyazono Kaori is a pretty, free spirited violinist whose playing style reflects her personality. Kaori helps Kousei return to the music world and show that it should be free and mold breaking unlike the structured and rigid style Kousei was used to.::GAP 93"", ""Piano child prodigy Kosei Arima dominated the competition and has become famous among child musicians. After his mother, who was also his instructor, died, he had a mental breakdown while performing at a piano recital at the age of twelve. As a result, he is no longer able to hear the sound of his own piano playing. Two years later, Kosei still hasn't touched the piano and views the world in monochrome, without any flair or color. He has resigned himself to living out his life with his good friends, Tsubaki and Watari, until, one day, a girl changes everything. A fourteen-year old audacious, Kaori Miyazono is a free-spirited violinist whose playing style reflects her manic personality, helps Kosei return to the music world and shows that it should be free and mold breaking unlike the structured and rigid style Kosei was used to.""]"
17,24701,Mushishi Zoku Shou 2nd Season,"Adventure, Fantasy, Historical, Mystery, Seinen, Slice of Life, Supernatural",tv series,10,8.88,75894,"['A piano prodigy who lost his ability to play after suffering a traumatic event in his childhood is forced back into the spotlight by an eccentric girl with a secret of her own.::J.A. Romo', ""The story follows Arima Kousei, a skilled pianist. However, he hasn't played since he played for his mother who died a few years ago. One day Arima meets a brilliant violinist at the park. After their meeting she tries to guide Arima back into the world of music."", ""Piano prodigy Arima Kousei dominated the competition and all child musicians knew his name. But after his mother, who was also his instructor, passed away, he had a mental breakdown while performing at a recital that resulted in him no longer being able to hear the sound of his piano even though his hearing was perfectly fine. Even two years later, Kousei hasn't touched the piano and views the world in monotone, and without any flair or color. He was content at living out his life with his good friends Tsubaki and Watari until, one day, a girl changed everything. Miyazono Kaori is a pretty, free spirited violinist whose playing style reflects her personality. Kaori helps Kousei return to the music world and show that it should be free and mold breaking unlike the structured and rigid style Kousei was used to.::GAP 93"", ""Piano child prodigy Kosei Arima dominated the competition and has become famous among child musicians. After his mother, who was also his instructor, died, he had a mental breakdown while performing at a piano recital at the age of twelve. As a result, he is no longer able to hear the sound of his own piano playing. Two years later, Kosei still hasn't touched the piano and views the world in monochrome, without any flair or color. He has resigned himself to living out his life with his good friends, Tsubaki and Watari, until, one day, a girl changes everything. A fourteen-year old audacious, Kaori Miyazono is a free-spirited violinist whose playing style reflects her manic personality, helps Kosei return to the music world and shows that it should be free and mold breaking unlike the structured and rigid style Kosei was used to.""]"
18,12355,Ame & Yuki - Die Wolfskinder,"['Animation', 'Drama', 'Family', 'Fantasy']",movie,1,8.84,226193,"['After her werewolf lover unexpectedly dies in an accident while hunting for food for their children, a young woman must find ways to raise the werewolf son and daughter that she had with him while keeping their trait hidden from society.::weijaytan-2015']"
20,263,Hajime no ippo,"['Animation', 'Action', 'Comedy', 'Sport']",tv series,75,8.83,157670,"[""Makunouchi Ippo is an ordinary high school student in Japan. Since he spends most of his time away from school helping his mother run the family business, he doesn't get to enjoy his younger years like most teenagers. Always a target for bullying at school (the family fishing business grants him a distinct odor), Ippo's life is one of hardship. One of these after-school bullying sessions turns Ippo's life around for the better, as he is saved by a boxer named Takamura. He decides to follow in Takamura's footsteps and train to become a boxer, giving his life direction and purpose. Ippo's path to perfecting his pugilistic prowess is just beginning.::GAP 93""]"
22,1,Cowboy Bebop,"['Animation', 'Action', 'Adventure', 'Drama', 'Sci-Fi', 'Thriller']",tv series,26,8.82,486824,"['The futuristic misadventures and tragedies of an easygoing bounty hunter and his partners.::Kenneth Chisholm', 'Spike Spiegel is a bounty hunter in the far future with an easy going attitude and some deadly skill at martial arts. Together with his partners, Jet Black, and later Faye Valentine as well, they go from job to job across the galaxy looking for the high priced fugitives to bag.::Kenneth Chisholm <kchishol@execulink.com>', 'In the year 2071, the Solar System is linked by a network of hyperspace gateways. Police lose their grasp on crime and a bounty hunting system has been implemented. On an old fishing starship called the ""Bebop,"" a cool as Zen man of mystery, a macho former hard-boiled cop, a brash and fickle woman with a large debt, a whimsical whiz kid hacker and an unsuspecting Welsh Corgi band together to hunt bounty heads for a meager living. Unfortunately, they are some of the unluckiest people in the star system. These are the stories of the adventurous (and misadventurous) lives of four struggling people and a dog.::Edward Tivrusky IV <KilroyRoboto@juno.com>']"
23,30276,One-Punch Man,"['Animation', 'Action', 'Comedy', 'Sci-Fi']",tv series,12,8.82,552458,"['The story of Saitama, a hero that does it just for fun & can defeat his enemies with a single punch.', 'In a world of superhuman beings, Saitama is a unique hero, he can defeat enemies with a single punch. But being just one hero in a world filled with them, his life is empty and hollow: he gets no respect from anyone, he displays a laidback attitude to everything and for the most part, he finds his overall hero life pointless... and worst of all, he lost his hair due to intense training. These are the adventures of an ordinary yet extraordinary hero.', ""Follows the life of an average hero who manages to win all of his punches with one punch! This ends up being the cause of a lot of frustration as he no longer feels the thrill and adrenaline of fighting a tough battle. Maybe all of his rigorous training to become strong wasn't worth it. After all, what's so good about having an overwhelming power?::Ethan Bardaje"", 'Saitama, the protagonist, is an exceptionally powerful hero who easily defeats the monsters or other villains with a single punch. However, due to his overwhelming strength, Saitama has become bored with his powers and is constantly trying to find stronger opponents who can fight him.']"
24,164,Princess Mononoke: How the Film Was Conceived,['Documentary'],video movie,1,8.81,339556,"[""Behind-the-scenes documentaries about 'Princess Mononoke,' from the film's conception up to its theatrical release and after - eventually rewriting the box office record in Japan. The documentaries include: Behind-the-scenes production process at the studios, the vocal cast doing overdubs and ADR sessions, featurette on the impact of the film on Japanese society.""]"
25,7311,Suzumiya Haruhi no Shoushitsu,"Comedy, Mystery, Romance, School, Sci-Fi, Supernatural",video movie,1,8.81,240297,"[""Behind-the-scenes documentaries about 'Princess Mononoke,' from the film's conception up to its theatrical release and after - eventually rewriting the box office record in Japan. The documentaries include: Behind-the-scenes production process at the studios, the vocal cast doing overdubs and ADR sessions, featurette on the impact of the film on Japanese society.""]"
26,17074,Monogatari Series: Second Season,"['Animation', 'Adventure', 'Comedy', 'Fantasy', 'Romance']",tv series,26,8.8,205959,"[""Walking to school one day Tsubasa Hanekawa encounters a huge white tiger apparition at a crossroads that talks to her. The next day her house burns down. Homeless, and not wanting to stay with her family, she lies and tells them she has a place to stay, but instead sleeps in the old cram school. She's awakened by an angry and upset Hitagi Senjogahara who ridicules her for worrying her and drags her to her place to stay instead. The two of them soon discover that Araragi has gone missing and has urged them in a text message not to look for him.::MyAnimeList""]"
27,21939,Mushishi: Zoku-Sho,"['Animation', 'Drama', 'Fantasy', 'Mystery', 'Thriller']",tv series,10,8.8,101351,"['They existed long before anyone can remember. They are simple and strange in nature, not resembling any other plant or animal in this world. In ancient times, people revered these bizarre creatures and called them ""Mushi."" People once again began to believe in the existence of these ""Mushi"" when they began affecting their lives in inexplicable ways. The one who connects the world of ""Mushi"" to the world of humans-they were called the ""Mushi-shi."" All life exists not to hinder others in this world. They are simply there to live as they were meant to. (Source: Aniplex USA)']"
28,457,Mushi-Shi,"['Animation', 'Drama', 'Fantasy', 'Horror', 'Mystery', 'Thriller']",tv series,26,8.78,300030,"['They are neither plants nor animals. They differ from other forms of life such as the micro-organisms and the fungi. Instead they resemble the primeval body of life and are generally known as ""Mushi"". Their existence and appearance are unknown to many and only a limited number of humans are aware of them. Ginko is a ""Mushi-shi"" who travels around to investigate and find out more about the ""Mushi"". In the process, he also lends a helping hand to people who face problems with supernatural occurrences which may be related to the ""Mushi"".::Anime News Network']"
29,2001,Tengen toppa gurren lagann,"['Animation', 'Action', 'Adventure', 'Comedy', 'Drama', 'Sci-Fi']",tv series,27,8.78,562962,"['Two friends, Simon and Kamina, become the symbols of rebellion against the powerful Spiral King, who forced mankind into subterranean villages.::Tyler Smith', ""In their closed-off underground village, Kamina and Simon chafe at the limits imposed by the village elder. Yet all this will change, when Simon stumbles across a fantastic device - just as the village's peace is broken by a violent intrusion.::ANN"", 'In a bleak future where humanity is oppressed by an army of mutants and forced to live underground, a young orphan unearths a powerful robot. Together with a boisterous man named Kamina, a beautiful sharpshooter named Yoko and many other friends, they use the robots power to fight against their oppressors and take back the surface.::Anonymous']"
30,245,GTO,"['Animation', 'Comedy', 'Drama', 'Romance']",tv series,43,8.77,268487,"['About Eikichi Onizuka, a 22-year-old ex-gangster member and a virgin. He has one ambition that no one ever expected from him. His solely life purpose is to become the greatest high school teacher ever.::anonymous', 'Former biker gang leader Eikichi Onizuka has a new and reformed ambition: to become the greatest teacher ever. With a rowdy (and somewhat illegal) teaching style, and weakness for pretty girls, Mr. Onizuka finds himself in one predicament after another on his quest to «make school fun».']"
31,32983,Natsume yûjinchô,"['Animation', 'Comedy', 'Drama', 'Fantasy', 'Horror', 'Mystery']",tv series,13,8.76,38865,['When Natsume Takashi inherits a book that belonged to his late grandmother he realizes the book is filled with the names of spirits she defeated and bound to her will. He then decides to return their names so they can be free once again.::Brandon Lebron']
32,5258,Hajime no Ippo: New Challenger,"['Animation', 'Action', 'Comedy', 'Sport']",tv series,26,8.75,88995,"['Ippo continues to defend his title and training to reach his goal, Ichiro Miyata. While Takamura goes for the world, and faces the world champion, Brian Hawk. In what is to become his toughest fight so far.::Alexander Schuster Jenssen']"
33,28957,Mushi-Shi Zoku Shou: Suzu no Shizuku,"['Animation', 'Fantasy']",movie,1,8.75,32266,"[""An adaptation of the last arc in the manga, Mushishi Zoku Shou: Suzu no Shizuku follows Ginko's peculiar journey amidst the occult to unravel the mystery behind the enigmatic girl called Kaya and the mountain that has become her home.::MAL Rewrite""]"
34,11665,Natsume yûjinchô,"['Animation', 'Comedy', 'Drama', 'Fantasy', 'Horror', 'Mystery']",tv series,13,8.75,98431,['When Natsume Takashi inherits a book that belonged to his late grandmother he realizes the book is filled with the names of spirits she defeated and bound to her will. He then decides to return their names so they can be free once again.::Brandon Lebron']
37,31757,Kizumonogatari II - Heißes Blut,"['Animation', 'Action', 'Drama', 'Horror']",movie,1,8.73,34347,"['In the spring of his second year of high school, Koyomi Araragi met the beautiful vampire Kiss-shot Acerola-orion Heart-under-blade. Koyomi saved Kiss-shot, who was on the verge of death with all four of her limbs cut off, but only at the expense of becoming her minion and a vampire. ""In order to go back to being a human again, you must take back all of Kiss-shot\'s limbs."" After receiving advice from Meme Oshino, an expert in the supernatural, Koyomi prepares to go into battle. Awaiting him are three powerful vampire hunters-Dramaturgy, a giant vampire hunter who is a vampire himself. Episode, a half-vampire who wields an enormous cross, and Guillotinecutter, a quiet man who specializes in killing vampires. Will Koyomi be able to take back Kiss-shot\'s limbs from the vampire hunters? Amidst the soft spring rain, the curtain rises on this fateful blood bath.']"
38,19,Monster,"['Biography', 'Crime', 'Drama', 'Thriller']",movie,74,8.72,247562,"['Based on the life of Aileen Wuornos, a Daytona Beach prostitute who became a serial killer.::jgp3553@yahoo.com', 'The true story of serial killer Aileen Wuornos who was convicted of luring men to their death and eventually executed in 2002. In 1989, she was working as a prostitute and finally makes a friend when she meets and begins a relationship with a young woman, Selby. Determined to straighten out her life, she tries to find legitimate work but with little education and limited social skills, she fails at every turn. She starts working as a hooker hitching rides along the local interstate highway and after robbing a few clients has an encounter with a vicious client whom she kills in self-defense. After that however she just takes to killing clients taking their money and car. Once arrested she claims self-defense but is eventually convicted.::garykmcd', ""A dark tale based on the true story of Aileen Wuornos, one of America's first female serial killers. Wuornos had a difficult and cruel childhood plagued by abuse and drug use in Michigan. She became a prostitute by the age of thirteen, the same year she became pregnant. She eventually moved to Florida where she began earning a living as a highway prostitute--servicing the desires of semi-truck drivers. The tale focuses on the nine month period between 1989 and 1990, during which Wuornos had a lesbian relationship with a woman named Selby. And during that very same time, she also began murdering her clientèle in order to get money without using sex. This turned the tables on a rather common phenomenon of female highway prostitutes being the victims of serial killers--instead Wuornos, herself, carried out the deeds of a cold-blooded killer.::Sujit R. Varma""]"
39,12365,Bakuman 3rd Season,"Comedy, Drama, Romance, Shounen",movie,25,8.71,133620,"['Based on the life of Aileen Wuornos, a Daytona Beach prostitute who became a serial killer.::jgp3553@yahoo.com', 'The true story of serial killer Aileen Wuornos who was convicted of luring men to their death and eventually executed in 2002. In 1989, she was working as a prostitute and finally makes a friend when she meets and begins a relationship with a young woman, Selby. Determined to straighten out her life, she tries to find legitimate work but with little education and limited social skills, she fails at every turn. She starts working as a hooker hitching rides along the local interstate highway and after robbing a few clients has an encounter with a vicious client whom she kills in self-defense. After that however she just takes to killing clients taking their money and car. Once arrested she claims self-defense but is eventually convicted.::garykmcd', ""A dark tale based on the true story of Aileen Wuornos, one of America's first female serial killers. Wuornos had a difficult and cruel childhood plagued by abuse and drug use in Michigan. She became a prostitute by the age of thirteen, the same year she became pregnant. She eventually moved to Florida where she began earning a living as a highway prostitute--servicing the desires of semi-truck drivers. The tale focuses on the nine month period between 1989 and 1990, during which Wuornos had a lesbian relationship with a woman named Selby. And during that very same time, she also began murdering her clientèle in order to get money without using sex. This turned the tables on a rather common phenomenon of female highway prostitutes being the victims of serial killers--instead Wuornos, herself, carried out the deeds of a cold-blooded killer.::Sujit R. Varma""]"
40,1535,Death Note,"['Adventure', 'Crime', 'Drama', 'Fantasy', 'Horror', 'Mystery', 'Thriller']",movie,37,8.71,1013917,"['A high school student named Light Turner discovers a mysterious notebook that has the power to kill anyone whose name is written within its pages, and launches a secret crusade to rid the world of criminals.::unknown', 'Light Turner, a bright student, stumbles across a mystical notebook that has the power to kill any person whose name he writes in it. Light decides to launch a secret crusade to rid the streets of criminals. Soon, the student-turned-vigilante finds himself pursued by a famous detective known only by the alias L.::Warner Bros. Pictures', ""Based on the famous Japanese manga written by Tsugumi Ohba and Takeshi Obata, Death Note follows a high school student who comes across a supernatural notebook, realizing it holds within it a great power; if the owner inscribes someone's name into it while picturing their face, he or she will die. Intoxicated with his new godlike abilities, the young man begins to kill those he deems unworthy of life.::Annonymous"", 'A student who discovers a supernatural notebook that allows him to kill anyone begins a crusade against evil in order to rule the world as a benevolent human god. Then a deadly game of cat and mouse begins when a reclusive detective begins to track down the young man, attempting to end his reign of terror once and for all.']"
41,32366,Gintama: Aizome Kaori-hen,"['Animation', 'Adventure', 'Comedy', 'Romance']",tv mini series,2,8.69,16947,"[""When a love potion is unleashed across Edo, hilarity ensues as everyone's romantic affections go out of control.""]"
42,30654,Ansatsu Kyoushitsu (TV) 2nd Season,"Action, Comedy, School, Shounen",tv mini series,25,8.68,176475,"[""When a love potion is unleashed across Edo, hilarity ensues as everyone's romantic affections go out of control.""]"
43,20583,Haikyuu!!,"['Animation', 'Comedy', 'Drama', 'Sport']",tv series,25,8.68,284498,"['Hinata Shouyou, a short middle school student, gained a sudden love of volleyball after watching a national championship match on TV. Determined to become like the championship\'s star player, a short boy nicknamed ""the small giant"", Shouyou joined his school\'s volleyball club. Unfortunately, he was the only member and the club didn\'t have so much as a place to practice. He didn\'t let that deter him, however, and, upon finally acquiring 5 other players in his final year, was able to compete in an actual competition - only for his team to be unlucky enough to face the championship favorite and its star player, Kageyama Tobio, called ""the king of the court"", in the first round. Though Shouyou\'s team suffers a crushing defeat, he vows to become better and eventually surpass Kageyama. Now Shouyou is starting his first year in high school - the very one he had first watched in the national championships. He\'s going to join the volleyball team, practice constantly, and wipe the floor with Kageyama the next time they meet on the court. ...or at least that\'s what Shouyou had planned, until he discovers that he and Kageyama are now in the same school. The volleyball team definitely needs their skills, but only if they can stop bickering and learn to work together as teammates.::DevonHawk~']"
44,19647,Hajime No Ippo: Rising,"['Animation', 'Action', 'Comedy', 'Sport']",tv series,25,8.68,66756,"['Ippo the Japanese Featherweight champion will defend his title against amazing challengers. Takamura fights for the second WBC title in the middleweight class, and Aoki fights for the Lightweight title.::ricardo cardoso']"
45,4282,Garden of Sinners 5 - Paradoxe Helix,"['Animation', 'Action', 'Crime', 'Drama', 'Horror', 'Mystery', 'Thriller']",movie,1,8.68,111074,"[""November 1998: A young man swears he committed a heinous crime, he looks in the news, but nobody talks about what happened, even when the police find the alleged victims ... alive and unharmed. He says that he has done it and wants the aid of Shiki. Behind this seemingly senseless event, there is a large apartment building in which is woven a very convoluted plot in which Touko's past is involved. Will Shiki and Mikiya discover the truth? Can all of them escape from the spiral?::Nolberto Roa""]"
46,10379,Natsume yûjinchô,"['Animation', 'Comedy', 'Drama', 'Fantasy', 'Horror', 'Mystery']",tv series,13,8.67,102322,['When Natsume Takashi inherits a book that belonged to his late grandmother he realizes the book is filled with the names of spirits she defeated and bound to her will. He then decides to return their names so they can be free once again.::Brandon Lebron']
47,22135,Ping Pong the Animation,"['Animation', 'Drama', 'Sport']",tv mini series,11,8.67,97187,['Five ping pong prodigies learn to navigate the harsh climate of competitive sport and the even more frightening realm of self realization.::Anonymous']
48,21329,Mushishi Special: Hihamukage,"Adventure, Fantasy, Historical, Mystery, Seinen, Slice of Life, Supernatural",tv mini series,1,8.66,49036,['Five ping pong prodigies learn to navigate the harsh climate of competitive sport and the even more frightening realm of self realization.::Anonymous']
49,31043,"Erased - Die Stadt, in der es mich nicht gibt","['Animation', 'Drama', 'Fantasy', 'Mystery', 'Sci-Fi', 'Thriller']",tv series,12,8.65,402381,"[""29 year old Satoru Fujinuma is sent back in time 18 years to prevent the events leading to his mother's death, which began with a series of kidnappings in his 5th grade year."", 'Struggling manga author Satoru Fujinuma is beset by his fear to express himself. However, he has a supernatural ability of being able to prevent deaths and casualties by being sent back in time before an incident occurrs, repeating time until it is prevented. One day, he gets involved in a catastrophic affair that turns him into a criminal. Desperate to prevent the incident, he gets sent back in time only to find himself as a grade-schooler. Satoru brings himself to a new journey; using his abilty to prevent the past from changing into a deplorable future.', ""A 29 year old man lives a quiet and peaceful life working at a pizza place when he is experiencing a strange phenomenon he calls 'Revival'. When 'Revival' happens, Satoru Fujinuma is brought back up to 5 minutes in the past where he must prevent a tragedy from happening, like an accident. One day, he gets falsely accused of murder and the phenomenon occurs but this time, he gets back 18 years in the past which is during his middle school period. With the mind of a 29 years old adult and the body of a child, he needs to find out what he must change to revoke this accusation and get back in the present.::ouimet-ml""]"
50,7785,Yojouhan Shinwa Taikei,"Mystery, Psychological, Romance",tv series,11,8.65,122531,"[""29 year old Satoru Fujinuma is sent back in time 18 years to prevent the events leading to his mother's death, which began with a series of kidnappings in his 5th grade year."", 'Struggling manga author Satoru Fujinuma is beset by his fear to express himself. However, he has a supernatural ability of being able to prevent deaths and casualties by being sent back in time before an incident occurrs, repeating time until it is prevented. One day, he gets involved in a catastrophic affair that turns him into a criminal. Desperate to prevent the incident, he gets sent back in time only to find himself as a grade-schooler. Satoru brings himself to a new journey; using his abilty to prevent the past from changing into a deplorable future.', ""A 29 year old man lives a quiet and peaceful life working at a pizza place when he is experiencing a strange phenomenon he calls 'Revival'. When 'Revival' happens, Satoru Fujinuma is brought back up to 5 minutes in the past where he must prevent a tragedy from happening, like an accident. One day, he gets falsely accused of murder and the phenomenon occurs but this time, he gets back 18 years in the past which is during his middle school period. With the mind of a 29 years old adult and the body of a child, he needs to find out what he must change to revoke this accusation and get back in the present.::ouimet-ml""]"
51,3297,Aria the Origination,"['Animation', 'Comedy', 'Drama', 'Family', 'Sci-Fi']",tv series,13,8.64,56162,"['In Neo Venezia, Akari, Aika, and Alice work diligently toward becoming Prima Undine (pro tour guide gondolier). The girls have come far since they began their training, and are forming their own distinctive styles..The girls rely on the advice of their seniors, will the girls be able to blend the advice from their mentors with their acquired knowledge to become praiseworthy Prima Undines?::MAL Rewrite']"
52,30709,Kamisama Hajimemashita: Kako-hen,"Comedy, Demons, Fantasy, Shoujo, Supernatural",tv series,4,8.64,33422,"['In Neo Venezia, Akari, Aika, and Alice work diligently toward becoming Prima Undine (pro tour guide gondolier). The girls have come far since they began their training, and are forming their own distinctive styles..The girls rely on the advice of their seniors, will the girls be able to blend the advice from their mentors with their acquired knowledge to become praiseworthy Prima Undines?::MAL Rewrite']"
53,6114,Rainbow: Nishakubou no shichinin,"['Animation', 'Crime', 'Drama', 'Thriller']",tv series,26,8.64,139474,"['Set in 1955, the anime follows the story of seven teenagers locked in a reformatory, waiting for a ray of light in a daily hell of suffering and humiliation, focusing especially on how they faced the life once regained freedom.']"
55,4565,Gurren Lagann the Movie: The Lights in the Sky Are Stars,"['Animation', 'Drama']",movie,1,8.64,82253,"['Seven years after the defeat of the Spiral King, Simon and the Dai-Gurren brigade must set out to the vastness of space to defeat a new threat and save the universe. The last high-stakes battle for Simon and his team is about to begin.::Anonymous']"
56,5300,Natsume yûjinchô,"['Animation', 'Comedy', 'Drama', 'Fantasy', 'Horror', 'Mystery']",tv series,13,8.64,114173,['When Natsume Takashi inherits a book that belonged to his late grandmother he realizes the book is filled with the names of spirits she defeated and bound to her will. He then decides to return their names so they can be free once again.::Brandon Lebron']
57,9989,"AnoHana: Die Blume, die wir an jenem Tag sahen","['Animation', 'Adventure', 'Drama', 'Family', 'Fantasy', 'Mystery', 'Romance']",movie,11,8.62,463835,"['A group of friends were separated when one of them died in an accident. Later on she comes back as a ghost trying to get into heaven but to do that her friends must grant her a wish.', 'A group of friends were together forever until one of them died and they all went there separate ways. One day the leader of the group was able to see the girl that died and what has to do is grant her, her wish so she can rest in peace but this means that he must regroup all of his childhood firends']"
58,24415,Kuroko no Basket 3rd Season,"Comedy, School, Shounen, Sports",movie,25,8.62,184525,"['A group of friends were separated when one of them died in an accident. Later on she comes back as a ghost trying to get into heaven but to do that her friends must grant her a wish.', 'A group of friends were together forever until one of them died and they all went there separate ways. One day the leader of the group was able to see the girl that died and what has to do is grant her, her wish so she can rest in peace but this means that he must regroup all of his childhood firends']"
59,11577,Steins;Gate: Loading Area of Déjà vu,"['Animation', 'Drama', 'Mystery', 'Romance', 'Sci-Fi', 'Thriller']",movie,1,8.61,192424,"['After the events of the anime, Rintarou begins to feel the repercussions of extensive time travel, and eventually completely fades from reality. Kurisu, being the only companion to remember him, now must find a way to bring him back.::Kyle Khang.', ""The film starts a year after the events of the anime series. After moving through different 'World Lines', Rintarou finally has reached the ideal one, the Steins Gate world line. However, the constant time traveling he has gone through in search of Steins Gate build some side effects to him, which will eventually cause him to...::BuhoGamer""]"
60,10408,To the Forest of Firefly Lights,"['Animation', 'Drama', 'Fantasy']",movie,1,8.61,197439,"['Hotaru is rescued by a spirit when she gets lost in a forest as a child. The two become friends, despite the spirit revealing that he will disappear if he is ever touched by a human.::Anonymous']"
61,28171,Food Wars: Shokugeki no Soma,"['Animation', 'Comedy', 'Drama']",tv series,24,8.61,348951,"['Yukihira Soma is a teen with a great enthusiasm for cooking. He dreams of surpassing his father, a great chef and restaurant owner, and so attends Totsuki Culinary Academy, a legendary and formidable cooking school for the greatest teenage chefs in Japan.']"
62,32995,Yuri!!! On Ice,"['Animation', 'Comedy', 'Drama', 'Romance', 'Sport']",tv series,12,8.61,103178,"[""Japanese figure skater Yuri Katsuki faces a crushing defeat during the Grand Prix finals and heads home, unsure of whether or not he wishes to continue his skating career. After a video of Yuri mimicking Russian figure skater Victor Nikiforov's routine goes viral, Victor decided to become Yuri's coach, much to the dismay of his coach, his fans, and his fellow Russian skater Yuri Plisetsky."", ""After a disgrace in the Grand Prix Final, Japanese figure skater Katsuki Yuri seeks to retire. Victor Nikiforov, Russian world champion in figure skating is known for his surprises but is feeling stuck when he realises he has no more surprises left. When Yuri dances to Victor's most famous routine 'Stay Close to Me' the video is posted online and is seen by Victor. In this moment the Russian world champion decides to move to Japan and become Yuri's coach. Over the course of various competitions, the two form a powerful bond and see that each other was all they needed to accomplish what both had hoped for. Love.::rubymcnab""]"
63,21899,Gintama: Yorinuki Gintama-san on Theater 2D,"Action, Comedy, Historical, Parody, Samurai, Sci-Fi, Shounen",tv series,2,8.6,11104,"[""Japanese figure skater Yuri Katsuki faces a crushing defeat during the Grand Prix finals and heads home, unsure of whether or not he wishes to continue his skating career. After a video of Yuri mimicking Russian figure skater Victor Nikiforov's routine goes viral, Victor decided to become Yuri's coach, much to the dismay of his coach, his fans, and his fellow Russian skater Yuri Plisetsky."", ""After a disgrace in the Grand Prix Final, Japanese figure skater Katsuki Yuri seeks to retire. Victor Nikiforov, Russian world champion in figure skating is known for his surprises but is feeling stuck when he realises he has no more surprises left. When Yuri dances to Victor's most famous routine 'Stay Close to Me' the video is posted online and is seen by Victor. In this moment the Russian world champion decides to move to Japan and become Yuri's coach. Over the course of various competitions, the two form a powerful bond and see that each other was all they needed to accomplish what both had hoped for. Love.::rubymcnab""]"
64,26055,JoJo no Kimyou na Bouken: Stardust Crusaders 2nd Season,"Action, Adventure, Drama, Shounen, Supernatural",tv series,24,8.6,93657,"[""Japanese figure skater Yuri Katsuki faces a crushing defeat during the Grand Prix finals and heads home, unsure of whether or not he wishes to continue his skating career. After a video of Yuri mimicking Russian figure skater Victor Nikiforov's routine goes viral, Victor decided to become Yuri's coach, much to the dismay of his coach, his fans, and his fellow Russian skater Yuri Plisetsky."", ""After a disgrace in the Grand Prix Final, Japanese figure skater Katsuki Yuri seeks to retire. Victor Nikiforov, Russian world champion in figure skating is known for his surprises but is feeling stuck when he realises he has no more surprises left. When Yuri dances to Victor's most famous routine 'Stay Close to Me' the video is posted online and is seen by Victor. In this moment the Russian world champion decides to move to Japan and become Yuri's coach. Over the course of various competitions, the two form a powerful bond and see that each other was all they needed to accomplish what both had hoped for. Love.::rubymcnab""]"
65,7472,Gintama Movie: Shinyaku Benizakura-hen,"Action, Comedy, Historical, Parody, Samurai, Sci-Fi, Shounen",tv series,1,8.59,51185,"[""Japanese figure skater Yuri Katsuki faces a crushing defeat during the Grand Prix finals and heads home, unsure of whether or not he wishes to continue his skating career. After a video of Yuri mimicking Russian figure skater Victor Nikiforov's routine goes viral, Victor decided to become Yuri's coach, much to the dismay of his coach, his fans, and his fellow Russian skater Yuri Plisetsky."", ""After a disgrace in the Grand Prix Final, Japanese figure skater Katsuki Yuri seeks to retire. Victor Nikiforov, Russian world champion in figure skating is known for his surprises but is feeling stuck when he realises he has no more surprises left. When Yuri dances to Victor's most famous routine 'Stay Close to Me' the video is posted online and is seen by Victor. In this moment the Russian world champion decides to move to Japan and become Yuri's coach. Over the course of various competitions, the two form a powerful bond and see that each other was all they needed to accomplish what both had hoped for. Love.::rubymcnab""]"
66,777,Hellsing Ultimate,"['Animation', 'Action', 'Comedy', 'Drama', 'Fantasy', 'Horror', 'Mystery', 'Thriller']",tv mini series,10,8.59,297454,"['The vampire Alucard, his master Sir Integra Fairbrook Wingates Hellsing, and his newly sired ward Seras Victoria, try to protect England from a war-crazed SS-Major who seeks to start an eternal war with his vampire army.::TheMajor', 'In flashback, Integra is seen assuming leadership of the Hellsing organization as she resolves a conflict with her uncle with the help of the vampire Alucard. In present day, Alucard goes on a mission to the town of Cheddar to silence a vampiric priest who has been killing townspeople, and in the process must also present the young police girl Seras Victoria with the choice to either die or become a vampire. Also, Alucard battles a Vatican priest named Alexander Anderson after they are both sent to kill the same vampire in Northern Ireland.::page8701', 'Working on a tip from Iscariot, Alucard, Seras, and a mercenary team hired by Hellsing go to Rio de Janeiro to find and eliminate Millenium. When they arrive, they are confronted by a S.W.A.T. team sent by Tubalcain Alhambra, a member of Millenium.::page8701', 'The Queen of England calls a meeting between Hellsing and Iscariot. As they discuss what to do about the Millennium threat, they are interrupted by a message from the Major, who declares his intention to go to war with England. Also, the Eagle, a British aircraft carrier, is captured by Rip Van Winkle and her Millennium squadron, and Alucard is sent to wipe them out.::page8701']"
67,22535,Kiseijuu: Sei no Kakuritsu,"Action, Drama, Horror, Psychological, Sci-Fi, Seinen",tv mini series,24,8.59,425457,"['The vampire Alucard, his master Sir Integra Fairbrook Wingates Hellsing, and his newly sired ward Seras Victoria, try to protect England from a war-crazed SS-Major who seeks to start an eternal war with his vampire army.::TheMajor', 'In flashback, Integra is seen assuming leadership of the Hellsing organization as she resolves a conflict with her uncle with the help of the vampire Alucard. In present day, Alucard goes on a mission to the town of Cheddar to silence a vampiric priest who has been killing townspeople, and in the process must also present the young police girl Seras Victoria with the choice to either die or become a vampire. Also, Alucard battles a Vatican priest named Alexander Anderson after they are both sent to kill the same vampire in Northern Ireland.::page8701', 'Working on a tip from Iscariot, Alucard, Seras, and a mercenary team hired by Hellsing go to Rio de Janeiro to find and eliminate Millenium. When they arrive, they are confronted by a S.W.A.T. team sent by Tubalcain Alhambra, a member of Millenium.::page8701', 'The Queen of England calls a meeting between Hellsing and Iscariot. As they discuss what to do about the Millennium threat, they are interrupted by a message from the Major, who declares his intention to go to war with England. Also, the Eagle, a British aircraft carrier, is captured by Rip Van Winkle and her Millennium squadron, and Alucard is sent to wipe them out.::page8701']"
68,28735,Shôwa Genroku rakugo shinjû,"['Animation', 'Comedy', 'Drama']",tv series,13,8.59,71295,"['Yotarou is a former yakuza member fresh out of prison and fixated on just one thing: rather than return to a life of crime, the young man aspires to take to the stage of Rakugo, a traditional Japanese form of comedic storytelling.::Luka Sabljak']"
69,12431,Space Brothers,['Animation'],movie,99,8.59,72958,"['During a random night, the two brothers Mutta Nanba and Hibito witness what seems to be a UFO flying to the moon and they both vow to eventually become astronauts. 19 years later, Mutta has the opportunity to follow his brother and fulfill his promise.::Dielson Sales']"
70,28805,Der Junge und das Biest,"['Animation', 'Action', 'Adventure', 'Fantasy']",movie,1,8.58,80825,"[""When a young orphaned boy living on the streets of Shibuya stumbles upon a fantastic world of beasts, he's taken in by a gruff warrior beast looking for an apprentice.::ralo229"", ""The latest feature film from award-winning Japanese director Mamoru Hosoda (Summer Wars, Wolf Children): When Kyuta, a young orphan living on the streets of Shibuya, stumbles into a fantastic world of beasts, he's taken in by Kumatetsu, a gruff, rough-around-the-edges warrior beast who's been searching for the perfect apprentice. Despite their constant bickering, Kyuta and Kumatetsu begin training together and slowly form a bond as surrogate father and son. But when a deep darkness threatens to throw the human and beast worlds into chaos, the strong bond between this unlikely family will be put to ultimate test-a final showdown that will only be won if the two can finally work together using all of their combined strength and courage.""]"
71,578,Grave of the Fireflies,"['Animation', 'Drama', 'War']",movie,1,8.58,174878,"['A young boy and his little sister struggle to survive in Japan during World War II.', 'The story of Seita and Satsuko, two young Japanese siblings, living in the declining days of World War II. When an American firebombing separates the two children from their parents, the two siblings must rely completely on one another while they struggle to fight for their survival.::Kyle Perez', 'Japan, World War 2. Teenage boy Seita and his young sister Setsuko are left homeless and effectively orphaned when their city is firebombed by US bombers. They end up living with an aunt. Initially things go well and life seems almost normal again. However, their relationship with their aunt deteriorates and Seita and Setsuko decide to leave and fend for themselves. They find a place and things seem to be going well. However, over time food gets scarcer and life becomes a constant struggle for survival.::grantss', ""Setsuko (aged 4) and Seita (aged 14) are brother and sister living in wartime Japan. After their mother is killed in an air raid they find a temporary home with relatives. Having quarreled with their aunt they leave the city and make their home in an abandoned shelter. While their soldier father's destiny is unknown, the two must depend on each other to somehow keep a roof over their heads and food in their stomachs. When everything is in short supply, they gradually succumb to hunger and their only entertainment is the light of the fireflies.::Corrected by Liron""]"
72,16894,Kuroko no Basket 2nd Season,"Comedy, School, Shounen, Sports",movie,25,8.58,243325,"['A young boy and his little sister struggle to survive in Japan during World War II.', 'The story of Seita and Satsuko, two young Japanese siblings, living in the declining days of World War II. When an American firebombing separates the two children from their parents, the two siblings must rely completely on one another while they struggle to fight for their survival.::Kyle Perez', 'Japan, World War 2. Teenage boy Seita and his young sister Setsuko are left homeless and effectively orphaned when their city is firebombed by US bombers. They end up living with an aunt. Initially things go well and life seems almost normal again. However, their relationship with their aunt deteriorates and Seita and Setsuko decide to leave and fend for themselves. They find a place and things seem to be going well. However, over time food gets scarcer and life becomes a constant struggle for survival.::grantss', ""Setsuko (aged 4) and Seita (aged 14) are brother and sister living in wartime Japan. After their mother is killed in an air raid they find a temporary home with relatives. Having quarreled with their aunt they leave the city and make their home in an abandoned shelter. While their soldier father's destiny is unknown, the two must depend on each other to somehow keep a roof over their heads and food in their stomachs. When everything is in short supply, they gradually succumb to hunger and their only entertainment is the light of the fireflies.::Corrected by Liron""]"
73,5028,Major Crimes,"['Crime', 'Drama', 'Mystery']",tv series,25,8.58,28653,"['The Closer (2005) spin-off series, which follows Captain Raydor of the Los Angeles Police Department.::ahmetkozan', 'This ""Closer"" spinoff follows cases handled by the Major Crimes division of the LA Police Department. The 7-member team is headed by Capt. Sharon Raydor, whose intellectual smarts combined with a calm, even temperament help a team of experts solve high-profile murder cases. In addition to running the show, Raydor helps guide and protect her teenage charge, a witness in a horrific crime, who finds a safe refuge among members of the major-case squad.::writermaia']"
74,21,One Piece,"['Animation', 'Action', 'Adventure', 'Comedy', 'Fantasy']",tv series,Unknown,8.58,504862,"['Follows the adventures of Monkey D. Luffy and his friends in order to find the greatest treasure ever left by the legendary Pirate, Gol D Roger. The famous mystery treasure named ""One Piece"".::anonymous', ""There once lived a pirate named Gol D. Roger. He obtained wealth, fame, and power to earn the title of Pirate King. When he was captured and about to be executed, he revealed that his treasure called One Piece was hidden somewhere at the Grand Line. This made all people set out to search and uncover the One Piece treasure, but no one ever found the location of Gol D. Roger's treasure, and the Grand Line was too dangerous a place to overcome. Twenty-two years after Gol D. Roger's death, a boy named Monkey D. Luffy decided to become a pirate and search for Gol D. Roger's treasure to become the next Pirate King.::J LeGault"", 'The man who had acquired everything in this world, the Pirate King, is Gol D. Roger. The final words he said at the execution tower were ""My treasures? If you want it, I\'ll let you have it. Look for it; I left all of it at that place."" These words sent many to the seas, chasing their dreams, headed toward the Grand Line, in search of One Piece. And a new age began! Seeking to be the greatest pirate in the world, young Monkey D. Luffy also heads toward the Grand Line in search of One Piece. With his diverse crew joining him along the way, consisting of a swordsman, marksman, navigator, cook, doctor, archaeologist, and cyborg-shipwright, this will be one memorable adventure.::Ne0Freedom', ""Seeking to be the greatest pirate in the world, young Monkey D. Luffy, endowed with stretching powers from the legendary gum-gum devil's fruit, travels toward the Grand Line in search of One Piece, the greatest treasure in the world. Along with comrades in arms Roronoa Zoro (the swordsman), Usopp (the sharp shooter), Nami (the navigator), Sanji (the cook), Chopper (the doctor), Nico Robin (an Archeologist), Franky (a shipwright), and Brook (the musician/skeleton) comic adventures mix with true heroism in the time of great naval battles.::Andre""]"
75,801,Ghost in the Shell - Stand Alone Complex,"['Animation', 'Action', 'Crime', 'Sci-Fi', 'Thriller']",tv series,26,8.57,113993,"['The futuristic adventures of a female cyborg counter intelligence agent and her support team.::Kenneth Chisholm', 'The second season of Ghost in The Shell: Stand Alone Complex begins with Section 9 being called back to work after a hostage situation of concern to the Ruling Party renders the Police useless. The entire team returns to the front lines: Kusanagi, Batoh, Togusa, Ishikawa, Saito, Paz & Borma, with four of the original Tachikomas restored after the firefight of Episode 26. The hostage situation announced the rising of a new terrorist cell, which takes much after another one in the headlines of today\'s papers. The Individual Eleven, whose members are neither individuals, or total up to eleven are a new threat to Public Security. How does a specialized public security group face an enemy more faceless than the ""laughing man"" during a time of political unrest? Among the broad changes from the first show involve the new ruling party, headed by the new Prime Minister Kabayuki after the prior ousting in GITS: SAC, the Japanese Residents caught in the middle of the affairs and paying the taxes for jobs they\'re going to lose in a time of recession, and the downtrodden ""invited"" Asian Immigrants of the Second Vietnamese War who were brought to Japan as a half-hearted humanitarian act from the government who was really just seeking cheap labor. And just who is the man called ""Gohda"", a mysterious new \'supervisor\' (don\'t worry, Aramaki still runs the group) who appears to be calling the shots for Section 9 during certain missions? He calls out orders as if he was in charge of the group, yet has no apparent loyalty or respect to the government, military or Section 9.::nachothecheesyone', 'In a future Japan, Major Motoko Kusanagi operates as a key agent of Section 9 of internal security under Chief Aramaki. Together with her support crew and a group of quadraped enforcement droids who operate with childlike enthusiasim, they confront the numerous threats facing Japan. However, their opponents are predominately capable of using the advanced technology around them to their considerable advantage and it will take all the talents of Section 9 to stop them.::Kenneth Chisholm (kchishol@rogers.com)']"
76,31933,JoJo no Kimyou na Bouken: Diamond wa Kudakenai,"Action, Adventure, Comedy, Drama, Shounen, Supernatural",tv series,39,8.57,74074,"['The futuristic adventures of a female cyborg counter intelligence agent and her support team.::Kenneth Chisholm', 'The second season of Ghost in The Shell: Stand Alone Complex begins with Section 9 being called back to work after a hostage situation of concern to the Ruling Party renders the Police useless. The entire team returns to the front lines: Kusanagi, Batoh, Togusa, Ishikawa, Saito, Paz & Borma, with four of the original Tachikomas restored after the firefight of Episode 26. The hostage situation announced the rising of a new terrorist cell, which takes much after another one in the headlines of today\'s papers. The Individual Eleven, whose members are neither individuals, or total up to eleven are a new threat to Public Security. How does a specialized public security group face an enemy more faceless than the ""laughing man"" during a time of political unrest? Among the broad changes from the first show involve the new ruling party, headed by the new Prime Minister Kabayuki after the prior ousting in GITS: SAC, the Japanese Residents caught in the middle of the affairs and paying the taxes for jobs they\'re going to lose in a time of recession, and the downtrodden ""invited"" Asian Immigrants of the Second Vietnamese War who were brought to Japan as a half-hearted humanitarian act from the government who was really just seeking cheap labor. And just who is the man called ""Gohda"", a mysterious new \'supervisor\' (don\'t worry, Aramaki still runs the group) who appears to be calling the shots for Section 9 during certain missions? He calls out orders as if he was in charge of the group, yet has no apparent loyalty or respect to the government, military or Section 9.::nachothecheesyone', 'In a future Japan, Major Motoko Kusanagi operates as a key agent of Section 9 of internal security under Chief Aramaki. Together with her support crew and a group of quadraped enforcement droids who operate with childlike enthusiasim, they confront the numerous threats facing Japan. However, their opponents are predominately capable of using the advanced technology around them to their considerable advantage and it will take all the talents of Section 9 to stop them.::Kenneth Chisholm (kchishol@rogers.com)']"
77,5205,Kara no Kyoukai 7: Satsujin Kousatsu (Kou),"Action, Mystery, Romance, Supernatural, Thriller",tv series,1,8.57,95658,"['The futuristic adventures of a female cyborg counter intelligence agent and her support team.::Kenneth Chisholm', 'The second season of Ghost in The Shell: Stand Alone Complex begins with Section 9 being called back to work after a hostage situation of concern to the Ruling Party renders the Police useless. The entire team returns to the front lines: Kusanagi, Batoh, Togusa, Ishikawa, Saito, Paz & Borma, with four of the original Tachikomas restored after the firefight of Episode 26. The hostage situation announced the rising of a new terrorist cell, which takes much after another one in the headlines of today\'s papers. The Individual Eleven, whose members are neither individuals, or total up to eleven are a new threat to Public Security. How does a specialized public security group face an enemy more faceless than the ""laughing man"" during a time of political unrest? Among the broad changes from the first show involve the new ruling party, headed by the new Prime Minister Kabayuki after the prior ousting in GITS: SAC, the Japanese Residents caught in the middle of the affairs and paying the taxes for jobs they\'re going to lose in a time of recession, and the downtrodden ""invited"" Asian Immigrants of the Second Vietnamese War who were brought to Japan as a half-hearted humanitarian act from the government who was really just seeking cheap labor. And just who is the man called ""Gohda"", a mysterious new \'supervisor\' (don\'t worry, Aramaki still runs the group) who appears to be calling the shots for Section 9 during certain missions? He calls out orders as if he was in charge of the group, yet has no apparent loyalty or respect to the government, military or Section 9.::nachothecheesyone', 'In a future Japan, Major Motoko Kusanagi operates as a key agent of Section 9 of internal security under Chief Aramaki. Together with her support crew and a group of quadraped enforcement droids who operate with childlike enthusiasim, they confront the numerous threats facing Japan. However, their opponents are predominately capable of using the advanced technology around them to their considerable advantage and it will take all the talents of Section 9 to stop them.::Kenneth Chisholm (kchishol@rogers.com)']"
78,17389,Kingdom 2nd Season,"Action, Historical, Military, Seinen",tv series,39,8.57,31234,"['The futuristic adventures of a female cyborg counter intelligence agent and her support team.::Kenneth Chisholm', 'The second season of Ghost in The Shell: Stand Alone Complex begins with Section 9 being called back to work after a hostage situation of concern to the Ruling Party renders the Police useless. The entire team returns to the front lines: Kusanagi, Batoh, Togusa, Ishikawa, Saito, Paz & Borma, with four of the original Tachikomas restored after the firefight of Episode 26. The hostage situation announced the rising of a new terrorist cell, which takes much after another one in the headlines of today\'s papers. The Individual Eleven, whose members are neither individuals, or total up to eleven are a new threat to Public Security. How does a specialized public security group face an enemy more faceless than the ""laughing man"" during a time of political unrest? Among the broad changes from the first show involve the new ruling party, headed by the new Prime Minister Kabayuki after the prior ousting in GITS: SAC, the Japanese Residents caught in the middle of the affairs and paying the taxes for jobs they\'re going to lose in a time of recession, and the downtrodden ""invited"" Asian Immigrants of the Second Vietnamese War who were brought to Japan as a half-hearted humanitarian act from the government who was really just seeking cheap labor. And just who is the man called ""Gohda"", a mysterious new \'supervisor\' (don\'t worry, Aramaki still runs the group) who appears to be calling the shots for Section 9 during certain missions? He calls out orders as if he was in charge of the group, yet has no apparent loyalty or respect to the government, military or Section 9.::nachothecheesyone', 'In a future Japan, Major Motoko Kusanagi operates as a key agent of Section 9 of internal security under Chief Aramaki. Together with her support crew and a group of quadraped enforcement droids who operate with childlike enthusiasim, they confront the numerous threats facing Japan. However, their opponents are predominately capable of using the advanced technology around them to their considerable advantage and it will take all the talents of Section 9 to stop them.::Kenneth Chisholm (kchishol@rogers.com)']"
79,170,Slam Dunk,"['Animation', 'Comedy', 'Sport']",tv series,101,8.56,82570,"['About Sakuragi Hanamichi, a freshman of Shohoku High School who joins the basketball team because of the girl he has a crush on, Haruko. Although he is newbie in this sport, he is no ordinary basketball player.::anonymous']"
80,10162,Usagi Drop,"['Animation', 'Comedy', 'Drama']",tv series,11,8.56,194855,"['A man adopts his six-year-old aunt and raises her as his own kid.::Q. Leo Rahman', ""At the funeral of elderly Souchiro Kawachi, his family is shocked to learn he had a six-year-old daughter named Rin. There is talk amongst the family of putting her up for adoption to avoid scandal and talk; disgusted at this behavior, Souchiro's grandson Daikichi decides to take her in himself and raise her as his own child. Thus he begins an arduous, consuming but ultimately satisfying trip through single parenthood, as he and Rin struggle to become a part of each other's lives and bond together.::Q. Leo Rahman""]"
81,18617,Girls und Panzer the Movie,"['Animation', 'Action', 'Comedy', 'Family']",movie,1,8.55,25641,['Ooari girls academy faces closer once again and the Tankery club girls must participate in another match to save their school from permanent closure!']
82,32182,Mob Psycho 100,"['Animation', 'Action', 'Comedy', 'Sci-Fi']",tv series,12,8.55,193716,"['A middle school boy tries to keep his esper powers under control while attempting to live a normal life.', 'Kageyama Shigeo (a.k.a.""Mob"")is a 8th grader with psychic abilities.He could bend spoon and lift each objects with his mind from young age, but he slowly begin to withhold from using his ability on public due to the negative attention he keep receiving.Now, the only thing he wants is to become a friend with a girl in his class, Tsubomi. With his psychic""mentor""( who has no psychic power), he continues his daily lifes, attempting to realize his purpose on life.']"
83,877,Nana,"['Animation', 'Comedy', 'Drama', 'Music', 'Romance']",tv series,47,8.55,197256,"['Two ostensibly opposite women, both named Nana, become roommates in Tokyo and grow inseparable. However, their relationship is jeopardized as the harsh realities of adult life take shape.::Taylor Gillen']"
84,2251,Baccano!,"['Animation', 'Action', 'Adventure', 'Comedy', 'Crime', 'Fantasy', 'Horror', 'Thriller']",tv series,13,8.54,363215,"['A crazy fantasy caper involving alchemists, immortals, gangsters, outlaws and an elixir of immortality, spread over several decades.::Lupin', ""In the year 1711, a group of alchemists are granted an elixir of immortality, with the stipulation that they must kill each other until there can be only one. The now-immortal group unanimously decides it wasn't worth it and destroy the elixir; but one of them, Slizard Quates, starts to kill off his fellow immortals. To reduce the risk of Quates tracking them all down, the group separates and goes their separate ways. Neither of them crosses paths again till 1930, Manhattan, when Quates manages to create a new elixir of immortality. However, he loses it and it ends up going around town, taken to be a bottle of alcohol and unknowingly drunk by many residents. The drinkers of this new elixir include Isaac and Miria, an eccentric pair of thieves; the Gandor brothers, a Mafia family; and their associates in the Camorra, the Martillos (who employ some of the original immortals). Now, not only are a new group of immortals created, but the simmering criminal underworld is about to explode.::Q. Leo Rahman""]"
85,24687,Mushishi Zoku Shou: Odoro no Michi,"Adventure, Fantasy, Historical, Mystery, Seinen, Slice of Life, Supernatural",tv series,1,8.54,34011,"['A crazy fantasy caper involving alchemists, immortals, gangsters, outlaws and an elixir of immortality, spread over several decades.::Lupin', ""In the year 1711, a group of alchemists are granted an elixir of immortality, with the stipulation that they must kill each other until there can be only one. The now-immortal group unanimously decides it wasn't worth it and destroy the elixir; but one of them, Slizard Quates, starts to kill off his fellow immortals. To reduce the risk of Quates tracking them all down, the group separates and goes their separate ways. Neither of them crosses paths again till 1930, Manhattan, when Quates manages to create a new elixir of immortality. However, he loses it and it ends up going around town, taken to be a bottle of alcohol and unknowingly drunk by many residents. The drinkers of this new elixir include Isaac and Miria, an eccentric pair of thieves; the Gandor brothers, a Mafia family; and their associates in the Camorra, the Martillos (who employ some of the original immortals). Now, not only are a new group of immortals created, but the simmering criminal underworld is about to explode.::Q. Leo Rahman""]"
86,16498,Attack on Titan,"['Animation', 'Action', 'Adventure', 'Drama', 'Fantasy', 'Horror']",tv series,25,8.54,896229,"['After his hometown is destroyed and his mother is killed, young Eren Yeager vows to cleanse the earth of the giant humanoid Titans that have brought humanity to the brink of extinction.::ralo229', '2000 years from now, humans are nearly exterminated by titans. Titans are typically several stories tall, seem to have no intelligence, devour human beings and, worst of all, seem to do it for the pleasure rather than as a food source. A small percentage of humanity survived by walling themselves in a city protected by extremely high walls, even taller than the biggest of titans. Flash forward to the present and the city has not seen a titan in over 100 years. Teenage boy Eren and his foster sister Mikasa witness something horrific as the city walls are destroyed by a colossal titan that appears out of thin air. As the smaller titans flood the city, the two kids watch in horror as their mother is eaten alive. Eren vows that he will murder every single titan and take revenge for all of mankind.::Anonymous', 'Set in a fantasy world, mankind is driven to the brink of extinction by mindless, man-eating giants known as Titans. In defense, all of humanity retreated to a civilisation contained within three concentric 50-meter Walls: Maria, Rose, and Sina. In the year 845, after nearly a century of relative peace within the walls, a 60-meter ""Colossal"" Titan materialised at and destroyed the outermost gate, ushering in hoards of smaller Titans. Witnessing the fullness of the Titan horror first-hand, a young and tenacious Eren Jaeger vows to rid the world of all Titans and win back freedom for mankind. He is joined by his adoptive sister, Mikasa Ackerman and their friend, Armin Arlert as they set out to fulfill this shared dream.::Alora McCartney', '2000 years from now, the human race is nearly exterminated by mindless, man-eating giants known as Titans. In a last ditch attempt to live, a small percentage of humanity survived by walling themselves in a city protected by extremely high walls, even taller than the biggest of Titans. Flash forward to the present and the city has not seen a titan in over 100 years having a century of uneasy peace. But the walls of the city cannot hold forever.::GrimFaceJoey', ""Eren Jaeger swore to wipe out every last Titan, but in a battle for his life he wound up becoming the thing he hates most. With his new powers, he fights for humanity's freedom facing the monsters that threaten his home. After a bittersweet victory against the Female Titan, Eren finds no time to rest-a horde of Titans is approaching Wall Rose and the battle for humanity continues.::http://www.animenewsnetwork.com"", 'A threat has befallen humanity as ""Titans"" appeared out of nowhere and started devouring one person after another. In an attempt to defend and rebuild humanity humans have been forced to live in a small section of the world where three different districts were created and each district has a large wall surrounding each in hopes of preventing the ""Titans"" from coming through but hopes and attempts were futile as the ""Titans"" penetrated two of the great walls and one infiltrated the third by posing as a human.::J. Marin']"
87,10030,Bakuman 2nd Season,"Comedy, Drama, Romance, Shounen",tv series,25,8.53,151561,"['After his hometown is destroyed and his mother is killed, young Eren Yeager vows to cleanse the earth of the giant humanoid Titans that have brought humanity to the brink of extinction.::ralo229', '2000 years from now, humans are nearly exterminated by titans. Titans are typically several stories tall, seem to have no intelligence, devour human beings and, worst of all, seem to do it for the pleasure rather than as a food source. A small percentage of humanity survived by walling themselves in a city protected by extremely high walls, even taller than the biggest of titans. Flash forward to the present and the city has not seen a titan in over 100 years. Teenage boy Eren and his foster sister Mikasa witness something horrific as the city walls are destroyed by a colossal titan that appears out of thin air. As the smaller titans flood the city, the two kids watch in horror as their mother is eaten alive. Eren vows that he will murder every single titan and take revenge for all of mankind.::Anonymous', 'Set in a fantasy world, mankind is driven to the brink of extinction by mindless, man-eating giants known as Titans. In defense, all of humanity retreated to a civilisation contained within three concentric 50-meter Walls: Maria, Rose, and Sina. In the year 845, after nearly a century of relative peace within the walls, a 60-meter ""Colossal"" Titan materialised at and destroyed the outermost gate, ushering in hoards of smaller Titans. Witnessing the fullness of the Titan horror first-hand, a young and tenacious Eren Jaeger vows to rid the world of all Titans and win back freedom for mankind. He is joined by his adoptive sister, Mikasa Ackerman and their friend, Armin Arlert as they set out to fulfill this shared dream.::Alora McCartney', '2000 years from now, the human race is nearly exterminated by mindless, man-eating giants known as Titans. In a last ditch attempt to live, a small percentage of humanity survived by walling themselves in a city protected by extremely high walls, even taller than the biggest of Titans. Flash forward to the present and the city has not seen a titan in over 100 years having a century of uneasy peace. But the walls of the city cannot hold forever.::GrimFaceJoey', ""Eren Jaeger swore to wipe out every last Titan, but in a battle for his life he wound up becoming the thing he hates most. With his new powers, he fights for humanity's freedom facing the monsters that threaten his home. After a bittersweet victory against the Female Titan, Eren finds no time to rest-a horde of Titans is approaching Wall Rose and the battle for humanity continues.::http://www.animenewsnetwork.com"", 'A threat has befallen humanity as ""Titans"" appeared out of nowhere and started devouring one person after another. In an attempt to defend and rebuild humanity humans have been forced to live in a small section of the world where three different districts were created and each district has a large wall surrounding each in hopes of preventing the ""Titans"" from coming through but hopes and attempts were futile as the ""Titans"" penetrated two of the great walls and one infiltrated the third by posing as a human.::J. Marin']"
88,5941,Lies & Illusions,"['Action', 'Thriller']",movie,50,8.53,53108,['A self help author is hunted by thugs who believe the writer holds millions of dollars in diamonds stolen by his dead fiancée.::aa']
89,30346,Doukyuusei (Movie),"Romance, School, Shounen Ai, Slice of Life",movie,1,8.53,28864,['A self help author is hunted by thugs who believe the writer holds millions of dollars in diamonds stolen by his dead fiancée.::aa']
90,3784,Evangelion: 2.0: You Can (Not) Advance,"['Animation', 'Action', 'Drama', 'Sci-Fi']",movie,1,8.53,182224,"['Under constant attack by Angels, NERV introduces two new pilots: the mysterious Makinami Mari Illustrous and the intense Asuka Langley Shikinami. Parallel to the incursion, Gendo Ikari and SEELE proceed the secret project that involves both Rei and Shinji.::Anime News Network']"
91,13125,Shin Sekai Yori,"['Animation', 'Adventure', 'Drama', 'Fantasy', 'Horror', 'Mystery', 'Sci-Fi']",episode,25,8.53,288376,"[""1000 years after 2011, society has advanced, and most people in the Japan archipelago have psychokinetic powers, know as their Cantus. Join the main character Watanabe Saki as she finds out horrifying truths and recognizing true feelings about Kamisu's 66th District.""]"
93,14397,Chihayafuru,"['Animation', 'Comedy', 'Drama']",tv series,25,8.52,86074,"[""Chihaya meets a boy named Arata, a talented karuta player. He thinks that she has a potential to become a great player. Then, Chihaya takes on a new dream of becoming Japan's best karuta player.::anonymous"", ""Chihaya Ayase is a girl who has spent most of her life simply supporting her sister in her model career. That changes when she meets a boy named Arata Wataya, a talented karuta player. He thinks that Chihaya has a potential to become a great player. As Chihaya takes on a new dream of becoming Japan's best karuta player, she is soon separated from her karuta playing friends as they grow up. Now in high school, Chihaya still continues to play karuta in the hope that she will one day meet her friends again.::Devesh""]"
94,10087,Fate/Zero,"['Animation', 'Action', 'Fantasy']",tv series,13,8.51,453630,"['Seven chosen magi and their summoned epic heroes fight against each other to try and win the holy grail: a magical device that can grant any wish.', 'War of the Holy Grail - Pursuing the power of the ""Holy Grail"" which grants a miracle, this is a contest in which seven magi summon seven Heroic Spirits to compete for it. In that battle whose conclusion was postponed three times, now, the fourth war commenced again. Entrusting their dearest wish of victory, the magi joined the battleground called ""Fuyuki"", but amongst them, there was a man who was always alone, and could not find out the meaning behind his fights. His name was Kotomine Kirei. Not comprehending the guidance of fate, Kirei was lost, and had kept questioning. Why someone like his was given the Command Seals. However, the fate of his fights crossed Kirei\'s path with a nemesis by chance. That person is - Emiya Kiritsugu. A man who was sterner than anyone else, more merciless than anyone else, and who sought the miracle of the Holy Grail. Merely recited in fragments in Fate/Stay Night, this is the Fourth War of the Holy Grail 10 years ago. The truth which unfolded behind the battle between Shirou\'s foster father, Rin\'s father, and the younger Kotomine Kirei, is finally revealed...::Anonymous']"
97,10165,My Ordinary Life,"['Animation', 'Comedy']",tv series,26,8.52,254436,"['A group of students lead normal lives and cope with normal predicaments, but all too often find themselves in abnormal situations.::Anonymous', ""Yuko and Mio are normal schoolgirls who lead ordinary lives and cope with day-to-day matters. Their friends, however, are not that normal: Mio's crush Kojiro brings a goat and butler to school even though his parents are farmers; Kojiro is constantly attacked by his female classmate Misato, who is also in love with him; Mai is a quiet friend but an inveterate prankster; a child genius known only as the Professor, who built her own parental guardian, the schoolgirl Nano. Added to the zany mix are the talking cat Sakamoto, the nervous teacher Izumi Sakurai and the deer-wrestling Principal Shinonome. In spite of all the insanity around the girls still manage to lead their regular affairs of work and play with sanity, as it's all just a part of life itself.::Q. Leo Rahman""]"
98,13601,Psycho-Pass,"['Animation', 'Action', 'Crime', 'Mystery', 'Sci-Fi', 'Thriller']",tv series,22,8.5,509109,"['Believing in humanity and order, policewoman Akane Tsunemori obeys the ruling, computerized, precognitive Sibyl System. But when she faces a criminal mastermind who can elude this ""perfect"" system, she questions both Sibyl and herself.::ricardo cardoso', ""In a futuristic world where criminal intent is analyzed by the Sybil System, a new top of the class recruit, Akane Tsunemori, joins the police force; however, she always puts her own sense of justice above the judgment of Sybil. Police are helped by Enforcers (latent criminals disposed to high criminal intent), one of which is a former inspector who supports Akane's method of action.::Abhishek Ashish"", 'Having learned the true nature of the Sibyl System, Akane Tsunemori chose to obey the system,in humanity and the legal order. She\'s part of a new police section spending everyday life facing down criminals. The appearance of a monster"" will shake the system to its core appearing before her.', ""A bright girl enlists the Public Security whose purpose is to seek and execute people who's Psycho-pass reveals a criminal coefficient superior than the limit. After Akane, the rookie, discovers that the executors of her team must kill people who's nuance (Psycho-pass criminal scale), has been increased without themselves actually willing to harm anyone, she questions the very meaning of justice.::Pel Par""]"
99,22789,Barakamon,"['Animation', 'Comedy', 'Drama']",tv mini series,12,8.5,225927,"['As a punishment for punching a famous calligrapher, young handsome calligrapher Handa Seishu is exiled to a small island. As someone who has never lived outside of a city, Handa has to adapt to his new wacky neighbors, like people traveling on a tractor, unwanted visitors who never use the front door, annoying kids using his home as a playground, etc. Can this city guy handle all the crazy hardships? Find out in this wacky island comedy full of innocence and laughter! (Source: myanimelist.net)']"
